[
  {"name":"I - Región de Tarapacá","comunas":["Iquique","Alto Hospicio","Pozo Almonte","Pica","Huara","Camiña","Colchane"]},
  {"name":"II - Región de Antofagasta","comunas":["Antofagasta","Mejillones","Sierra Gorda","Taltal","Tocopilla","María Elena","Calama","Ollagüe","San Pedro de Atacama"]},
  {"name":"III - Región de Atacama","comunas":["Copiapó","Caldera","Tierra Amarilla","Chañaral","Diego de Almagro","Vallenar","Freirina","Huasco","Alto del Carmen"]},
  {"name":"IV - Región de Coquimbo","comunas":["La Serena","Coquimbo","Andacollo","La Higuera","Vicuña","Paihuano","Illapel","Canela","Los Vilos","Salamanca","Ovalle","Combarbalá","Monte Patria","Punitaqui","Río Hurtado"]},
  {"name":"V - Región de Valparaíso","comunas":["Valparaíso","Viña del Mar","Concón","Quilpué","Villa Alemana","Limache","Olmué","Quillota","La Calera","Hijuelas","Nogales","Casablanca","Algarrobo","El Quisco","El Tabo","Santo Domingo","San Antonio","Cartagena","Puchuncaví","Quintero","Isla de Pascua","Juan Fernández","Los Andes","San Esteban","Rinconada","Calle Larga","San Felipe","Putaendo","Catemu","Llay Llay","Panquehue","Santa María","La Ligua","Papudo","Zapallar","Cabildo","Petorca"]},
  {"name":"VI - Región del Libertador General Bernardo O'Higgins","comunas":["Rancagua","Codegua","Coinco","Coltauco","Doñihue","Graneros","Las Cabras","Machalí","Malloa","Mostazal","Olivar","Peumo","Pichidegua","Quinta de Tilcoco","Rengo","Requínoa","San Fernando","San Vicente de Tagua Tagua","Santa Cruz","Pichilemu","La Estrella","Pumanque","Nancagua","Paredones"]},
  {"name":"VII - Región del Maule","comunas":["Talca","Empedrado","San Clemente","Pelarco","Maule","Pencahue","Río Claro","Curicó","Curepto","Hualañé","Licantén","Vichuquén","Linares","Colbún","Parral","Longaví","Retiro","San Javier","Molina","Teno","Rauco","Romeral","Pelluhue","Cauquenes","Chanco"]},
  {"name":"VIII - Región del Biobío","comunas":["Concepción","Talcahuano","Hualpén","Chiguayante","Coronel","Lota","Tome","Penco","Hualqui","Santa Juana","San Pedro de la Paz","Laja","Los Ángeles","Mulchén","Nacimiento","Cabrero","Yumbel","Lebu","Arauco","Curanilahue","Tirúa","Cañete","Quilleco","San Rosendo","Florida"]},
  {"name":"IX - Región de La Araucanía","comunas":["Temuco","Padre Las Casas","Villarrica","Pucón","Carahue","Nueva Imperial","Tolten","Loncoche","Angol","Victoria","Collipulli","Curarrehue","Perquenco","Melipeuco","Lautaro","Renaico","Traiguén","Gorbea","Cholchol","Freire","Pitrufquén","Curacautín"]},
  {"name":"X - Región de Los Lagos","comunas":["Puerto Montt","Puerto Varas","Calbuco","Maullín","Los Muermos","Frutillar","Llanquihue","Cochamó","Castro","Ancud","Chonchi","Quellón","Quemchi","Dalcahue","Curaco de Vélez","Puqueldón","Quinchao","Osorno","Purranque","Puerto Octay","Río Negro","San Juan de la Costa","Puyehue","Fresia"]},
  {"name":"XI - Región Aysén del General Carlos Ibáñez del Campo","comunas":["Coyhaique","Aysén","Chile Chico","Guaitecas","Río Ibáñez","Cochrane","O'Higgins","Tortel","Lago Verde"]},
  {"name":"XII - Región de Magallanes y de la Antártica Chilena","comunas":["Punta Arenas","Puerto Natales","Porvenir","Primavera","Timaukel","Cabo de Hornos","Laguna Blanca","Río Verde","San Gregorio","Torres del Paine","Laguna Blanca"]},
  {"name":"RM - Región Metropolitana de Santiago","comunas":["Santiago","Cerrillos","Cerro Navia","Conchalí","El Bosque","Estación Central","Huechuraba","Independencia","La Cisterna","La Florida","La Granja","La Pintana","La Reina","Las Condes","Lo Barnechea","Lo Espejo","Lo Prado","Macul","Maipú","Ñuñoa","Pedro Aguirre Cerda","Peñalolén","Providencia","Pudahuel","Quilicura","Quinta Normal","Recoleta","Renca","San Joaquín","San Miguel","San Ramón","Vitacura","Puente Alto","Pirque","San José de Maipo","Colina","Lampa","Tiltil","San Bernardo","Buin","Calera de Tango","Paine","Melipilla","Alhué","Curacaví","María Pinto","Isla de Maipo","Talagante","El Monte","Peñaflor","Padre Hurtado"]},
  {"name":"XIV - Región de Los Ríos","comunas":["Valdivia","Corral","Lanco","Los Lagos","Máfil","Mariquina","Panguipulli","Río Bueno","La Unión"]},
  {"name":"XV - Región de Arica y Parinacota","comunas":["Arica","Camarones","Putre","General Lagos"]},
  {"name":"XVI - Región de Ñuble","comunas":["Chillán","Chillán Viejo","Bulnes","Pemuco","Coihueco","Quillón","San Carlos","Yungay","Pinto","San Ignacio","Ránquil","Treguaco","Cobquecura","Tucapel"]}
]
